{
    "R2_Score": -22.8895045039938,
    "RMSE": 1597.8707062413835,
    "MAE": 1564.0249999999999,
    "n_samples_used": 4
}