{
    "beta": [
        [
            2.1330120746255644e-16
        ],
        [
            0.8888787980834252
        ],
        [
            0.11367084251756765
        ]
    ],
    "y_pred": [
        [
            1809.8512411408797
        ],
        [
            2549.9092204907893
        ],
        [
            1142.0929716417127
        ],
        [
            3073.06807028847
        ],
        [
            1520.6524017379086
        ],
        [
            2333.010090938561
        ],
        [
            3651.4657490944123
        ],
        [
            1040.8733778506733
        ],
        [
            1911.0708349319193
        ],
        [
            2766.808350043017
        ],
        [
            1621.8719955289484
        ],
        [
            3289.9671998406984
        ],
        [
            1286.6923913431986
        ],
        [
            2231.790497147521
        ],
        [
            4174.624598892094
        ],
        [
            2477.609510640046
        ],
        [
            1199.932739522307
        ],
        [
            2694.5086401922745
        ],
        [
            1708.6316473498396
        ],
        [
            3506.8663293929267
        ],
        [
            1448.3526918871657
        ],
        [
            3957.7254693398654
        ],
        [
            2087.1910774460357
        ],
        [
            1098.7131457312673
        ],
        [
            3000.7683604377276
        ],
        [
            1780.9313572005826
        ],
        [
            2405.3098007893036
        ],
        [
            4391.523728444322
        ],
        [
            997.4935519402275
        ],
        [
            2188.4106712370753
        ],
        [
            3145.367780139213
        ],
        [
            1665.251821439394
        ],
        [
            2622.208930341532
        ],
        [
            1330.0722172536439
        ],
        [
            3434.566619542184
        ],
        [
            2289.630265028115
        ],
        [
            4463.823438295065
        ],
        [
            1882.1509509916223
        ],
        [
            1564.0322276483544
        ],
        [
            2520.9893365504918
        ],
        [
            3796.065168795898
        ],
        [
            1156.5529136118612
        ],
        [
            3217.667489989956
        ],
        [
            1737.5515312901368
        ],
        [
            2810.188175953463
        ],
        [
            1243.3125654327525
        ],
        [
            4102.324889041351
        ],
        [
            2145.03084532663
        ],
        [
            1477.2725758274628
        ],
        [
            3579.1660392436697
        ],
        [
            2376.3899168490066
        ],
        [
            1069.7932617909703
        ],
        [
            2957.388534527282
        ],
        [
            1853.2310670513252
        ],
        [
            2665.5887562519774
        ],
        [
            4319.224018593579
        ],
        [
            1301.152333313347
        ],
        [
            3362.2669096914415
        ],
        [
            1954.450660842365
        ],
        [
            1636.331937499097
        ],
        [
            3723.765458945155
        ],
        [
            2434.2296847296006
        ],
        [
            1127.6330296715646
        ],
        [
            3188.7476060496588
        ],
        [
            1766.471415230434
        ],
        [
            2578.8291044310863
        ],
        [
            4246.924308742836
        ],
        [
            1535.112343708057
        ],
        [
            2723.4285241325715
        ],
        [
            4030.025179190608
        ],
        [
            1257.7725074029013
        ],
        [
            2347.4700329087095
        ],
        [
            3333.347025751144
        ],
        [
            1925.530776902068
        ],
        [
            1592.9521115886514
        ]
    ]
}