X1,X2,Y_Actual,Y_Predicted
121,5,1500,10.00247665769911
120,3,1500,8.780867225826956
150,4,2100,11.722661813578183
100,2,1200,13.393994302896118
