{
    "beta": [
        [
            2.9244184206362434
        ],
        [
            0.027140370311741435
        ],
        [
            2.072202880202582
        ]
    ],
    "y_pred": [
        [
            10.00247665769911
        ],
        [
            8.780867225826956
        ],
        [
            11.722661813578183
        ],
        [
            13.393994302896118
        ]
    ]
}